{
    "accuracy": 0.5862068965517241,
    "classification_report": {
        "Negative": {
            "precision": 0.6428571428571429,
            "recall": 0.9,
            "f1-score": 0.75,
            "support": 10.0
        },
        "Neutral": {
            "precision": 0.0,
            "recall": 0.0,
            "f1-score": 0.0,
            "support": 9.0
        },
        "Positive": {
            "precision": 0.5333333333333333,
            "recall": 0.8,
            "f1-score": 0.64,
            "support": 10.0
        },
        "accuracy": 0.5862068965517241,
        "macro avg": {
            "precision": 0.39206349206349206,
            "recall": 0.5666666666666668,
            "f1-score": 0.4633333333333334,
            "support": 29.0
        },
        "weighted avg": {
            "precision": 0.40558292282430214,
            "recall": 0.5862068965517241,
            "f1-score": 0.4793103448275862,
            "support": 29.0
        }
    }
}